run_id,timestamp,machine_python,machine_java,dataset,nome_id,nome_sorteado,arquivo_sorteado,linha_sorteada,strategy,threads_per_file,repeticao,success,found,file_name,line_number,line_content,wall_time_ms,wall_time_ns,process_cpu_time_supported,process_cpu_time_ms,cpu_usage_approx_percent,heap_used_before_bytes,heap_used_after_bytes,heap_delta_bytes,available_processors,java_version,os_name,os_arch,error_message
1,2026-05-17T16:21:56,DESKTOP-D1CPDCT,DESKTOP-D1CPDCT,grande,1,Aaron Graves,a6.txt,5856,sequencial,0,1,True,True,a6.txt,5856,Aaron Graves,37.3938,37393800,True,109.375,24.374584,4218264,9427424,5209160,12,25.0.3,Windows 10,amd64,
2,2026-05-17T16:21:56,DESKTOP-D1CPDCT,DESKTOP-D1CPDCT,grande,1,Aaron Graves,a6.txt,5856,sequencial,0,2,True,True,a6.txt,5856,Aaron Graves,31.9689,31968900,True,93.75,24.437813,4218264,9427424,5209160,12,25.0.3,Windows 10,amd64,
3,2026-05-17T16:21:56,DESKTOP-D1CPDCT,DESKTOP-D1CPDCT,grande,1,Aaron Graves,a6.txt,5856,sequencial,0,3,True,True,a6.txt,5856,Aaron Graves,37.8423,37842300,True,109.375,24.085701,4218264,8420768,4202504,12,25.0.3,Windows 10,amd64,
4,2026-05-17T16:21:56,DESKTOP-D1CPDCT,DESKTOP-D1CPDCT,grande,1,Aaron Graves,a6.txt,5856,sequencial,0,4,True,True,a6.txt,5856,Aaron Graves,36.2784,36278400,True,109.375,25.123995,4218264,8420768,4202504,12,25.0.3,Windows 10,amd64,
5,2026-05-17T16:21:57,DESKTOP-D1CPDCT,DESKTOP-D1CPDCT,grande,1,Aaron Graves,a6.txt,5856,sequencial,0,5,True,True,a6.txt,5856,Aaron Graves,29.538,29538000,True,46.875,13.22449,4218264,9427424,5209160,12,25.0.3,Windows 10,amd64,
6,2026-05-17T16:21:57,DESKTOP-D1CPDCT,DESKTOP-D1CPDCT,grande,1,Aaron Graves,a6.txt,5856,singleThread,0,1,True,True,a6.txt,5856,Aaron Graves,44.9848,44984800,True,109.375,20.261474,4218264,9419264,5201000,12,25.0.3,Windows 10,amd64,
7,2026-05-17T16:21:57,DESKTOP-D1CPDCT,DESKTOP-D1CPDCT,grande,1,Aaron Graves,a6.txt,5856,singleThread,0,2,True,True,a6.txt,5856,Aaron Graves,42.8108,42810800,True,93.75,18.2489,4218264,9419264,5201000,12,25.0.3,Windows 10,amd64,
8,2026-05-17T16:21:57,DESKTOP-D1CPDCT,DESKTOP-D1CPDCT,grande,1,Aaron Graves,a6.txt,5856,singleThread,0,3,True,True,a6.txt,5856,Aaron Graves,36.9337,36933700,True,109.375,24.67823,4218264,9419264,5201000,12,25.0.3,Windows 10,amd64,
9,2026-05-17T16:21:58,DESKTOP-D1CPDCT,DESKTOP-D1CPDCT,grande,1,Aaron Graves,a6.txt,5856,singleThread,0,4,True,True,a6.txt,5856,Aaron Graves,41.8704,41870400,True,125.0,24.878355,4218264,9419264,5201000,12,25.0.3,Windows 10,amd64,
10,2026-05-17T16:21:58,DESKTOP-D1CPDCT,DESKTOP-D1CPDCT,grande,1,Aaron Graves,a6.txt,5856,singleThread,0,5,True,True,a6.txt,5856,Aaron Graves,41.2415,41241500,True,78.125,15.786081,4218264,9419264,5201000,12,25.0.3,Windows 10,amd64,
11,2026-05-17T16:21:58,DESKTOP-D1CPDCT,DESKTOP-D1CPDCT,grande,1,Aaron Graves,a6.txt,5856,oneThreadPerFile,0,1,True,True,a6.txt,5856,Aaron Graves,40.1551,40155100,True,296.875,61.610065,4218264,12606912,8388648,12,25.0.3,Windows 10,amd64,
12,2026-05-17T16:21:58,DESKTOP-D1CPDCT,DESKTOP-D1CPDCT,grande,1,Aaron Graves,a6.txt,5856,oneThreadPerFile,0,2,True,True,a6.txt,5856,Aaron Graves,44.3933,44393300,True,187.5,35.196753,4218264,12606904,8388640,12,25.0.3,Windows 10,amd64,
13,2026-05-17T16:21:58,DESKTOP-D1CPDCT,DESKTOP-D1CPDCT,grande,1,Aaron Graves,a6.txt,5856,oneThreadPerFile,0,3,True,True,a6.txt,5856,Aaron Graves,41.0734,41073400,True,312.5,63.402754,4218264,12606928,8388664,12,25.0.3,Windows 10,amd64,
14,2026-05-17T16:21:59,DESKTOP-D1CPDCT,DESKTOP-D1CPDCT,grande,1,Aaron Graves,a6.txt,5856,oneThreadPerFile,0,4,True,True,a6.txt,5856,Aaron Graves,40.0553,40055300,True,328.125,68.264999,4218264,12606984,8388720,12,25.0.3,Windows 10,amd64,
15,2026-05-17T16:21:59,DESKTOP-D1CPDCT,DESKTOP-D1CPDCT,grande,1,Aaron Graves,a6.txt,5856,oneThreadPerFile,0,5,True,True,a6.txt,5856,Aaron Graves,41.2215,41221500,True,296.875,60.016213,4218264,12606904,8388640,12,25.0.3,Windows 10,amd64,
16,2026-05-17T16:21:59,DESKTOP-D1CPDCT,DESKTOP-D1CPDCT,grande,1,Aaron Graves,a6.txt,5856,multiThreadPerFile,2,1,True,True,a6.txt,5856,Aaron Graves,45.5164,45516400,True,140.625,25.746215,4218264,10593584,6375320,12,25.0.3,Windows 10,amd64,
17,2026-05-17T16:21:59,DESKTOP-D1CPDCT,DESKTOP-D1CPDCT,grande,1,Aaron Graves,a6.txt,5856,multiThreadPerFile,2,2,True,True,a6.txt,5856,Aaron Graves,48.6159,48615900,True,109.375,18.748153,4218264,10593592,6375328,12,25.0.3,Windows 10,amd64,
18,2026-05-17T16:22:00,DESKTOP-D1CPDCT,DESKTOP-D1CPDCT,grande,1,Aaron Graves,a6.txt,5856,multiThreadPerFile,2,3,True,True,a6.txt,5856,Aaron Graves,42.933,42933000,True,109.375,21.229784,4218264,10593576,6375312,12,25.0.3,Windows 10,amd64,
19,2026-05-17T16:22:00,DESKTOP-D1CPDCT,DESKTOP-D1CPDCT,grande,1,Aaron Graves,a6.txt,5856,multiThreadPerFile,2,4,True,True,a6.txt,5856,Aaron Graves,45.2591,45259100,True,78.125,14.384768,4218264,10593584,6375320,12,25.0.3,Windows 10,amd64,
20,2026-05-17T16:22:00,DESKTOP-D1CPDCT,DESKTOP-D1CPDCT,grande,1,Aaron Graves,a6.txt,5856,multiThreadPerFile,2,5,True,True,a6.txt,5856,Aaron Graves,44.6855,44685500,True,125.0,23.311067,4218264,10593584,6375320,12,25.0.3,Windows 10,amd64,
21,2026-05-17T16:22:00,DESKTOP-D1CPDCT,DESKTOP-D1CPDCT,grande,1,Aaron Graves,a6.txt,5856,multiThreadPerFile,4,1,True,True,a6.txt,5856,Aaron Graves,47.7542,47754200,True,171.875,29.992999,4218264,12661048,8442784,12,25.0.3,Windows 10,amd64,
22,2026-05-17T16:22:00,DESKTOP-D1CPDCT,DESKTOP-D1CPDCT,grande,1,Aaron Graves,a6.txt,5856,multiThreadPerFile,4,2,True,True,a6.txt,5856,Aaron Graves,41.804,41804000,True,125.0,24.917871,4218264,12661040,8442776,12,25.0.3,Windows 10,amd64,
23,2026-05-17T16:22:01,DESKTOP-D1CPDCT,DESKTOP-D1CPDCT,grande,1,Aaron Graves,a6.txt,5856,multiThreadPerFile,4,3,True,True,a6.txt,5856,Aaron Graves,43.5468,43546800,True,140.625,26.910703,4218264,12661048,8442784,12,25.0.3,Windows 10,amd64,
24,2026-05-17T16:22:01,DESKTOP-D1CPDCT,DESKTOP-D1CPDCT,grande,1,Aaron Graves,a6.txt,5856,multiThreadPerFile,4,4,True,True,a6.txt,5856,Aaron Graves,44.9067,44906700,True,171.875,31.894832,4218264,12661040,8442776,12,25.0.3,Windows 10,amd64,
25,2026-05-17T16:22:01,DESKTOP-D1CPDCT,DESKTOP-D1CPDCT,grande,1,Aaron Graves,a6.txt,5856,multiThreadPerFile,4,5,True,True,a6.txt,5856,Aaron Graves,46.5909,46590900,True,125.0,22.357728,4218264,12661032,8442768,12,25.0.3,Windows 10,amd64,
26,2026-05-17T16:22:01,DESKTOP-D1CPDCT,DESKTOP-D1CPDCT,grande,1,Aaron Graves,a6.txt,5856,multiThreadPerFile,8,1,True,True,a6.txt,5856,Aaron Graves,40.7966,40796600,True,203.125,41.491407,4218264,15858960,11640696,12,25.0.3,Windows 10,amd64,
27,2026-05-17T16:22:02,DESKTOP-D1CPDCT,DESKTOP-D1CPDCT,grande,1,Aaron Graves,a6.txt,5856,multiThreadPerFile,8,2,True,True,a6.txt,5856,Aaron Graves,48.89,48890000,True,171.875,29.296209,4218264,15858960,11640696,12,25.0.3,Windows 10,amd64,
28,2026-05-17T16:22:02,DESKTOP-D1CPDCT,DESKTOP-D1CPDCT,grande,1,Aaron Graves,a6.txt,5856,multiThreadPerFile,8,3,True,True,a6.txt,5856,Aaron Graves,43.5468,43546800,True,140.625,26.910703,4218264,15858952,11640688,12,25.0.3,Windows 10,amd64,
29,2026-05-17T16:22:02,DESKTOP-D1CPDCT,DESKTOP-D1CPDCT,grande,1,Aaron Graves,a6.txt,5856,multiThreadPerFile,8,4,True,True,a6.txt,5856,Aaron Graves,43.0288,43028800,True,78.125,15.13037,4218264,15858952,11640688,12,25.0.3,Windows 10,amd64,
30,2026-05-17T16:22:02,DESKTOP-D1CPDCT,DESKTOP-D1CPDCT,grande,1,Aaron Graves,a6.txt,5856,multiThreadPerFile,8,5,True,True,a6.txt,5856,Aaron Graves,41.5098,41509800,True,218.75,43.915332,4218264,15858960,11640696,12,25.0.3,Windows 10,amd64,
31,2026-05-17T16:22:02,DESKTOP-D1CPDCT,DESKTOP-D1CPDCT,grande,2,Eric Gates MD,a2.txt,3990,sequencial,0,1,True,True,a2.txt,3990,Eric Gates MD,19.9908,19990800,True,31.25,13.026826,4218264,5224920,1006656,12,25.0.3,Windows 10,amd64,
32,2026-05-17T16:22:03,DESKTOP-D1CPDCT,DESKTOP-D1CPDCT,grande,2,Eric Gates MD,a2.txt,3990,sequencial,0,2,True,True,a2.txt,3990,Eric Gates MD,20.2392,20239200,True,31.25,12.866945,4218264,6399272,2181008,12,25.0.3,Windows 10,amd64,
33,2026-05-17T16:22:03,DESKTOP-D1CPDCT,DESKTOP-D1CPDCT,grande,2,Eric Gates MD,a2.txt,3990,sequencial,0,3,True,True,a2.txt,3990,Eric Gates MD,18.1999,18199900,True,93.75,42.92606,4218264,5224920,1006656,12,25.0.3,Windows 10,amd64,
34,2026-05-17T16:22:03,DESKTOP-D1CPDCT,DESKTOP-D1CPDCT,grande,2,Eric Gates MD,a2.txt,3990,sequencial,0,4,True,True,a2.txt,3990,Eric Gates MD,16.9013,16901300,True,15.625,7.704042,4218264,6399272,2181008,12,25.0.3,Windows 10,amd64,
35,2026-05-17T16:22:03,DESKTOP-D1CPDCT,DESKTOP-D1CPDCT,grande,2,Eric Gates MD,a2.txt,3990,sequencial,0,5,True,True,a2.txt,3990,Eric Gates MD,18.5575,18557500,True,15.625,7.01648,4218264,5224920,1006656,12,25.0.3,Windows 10,amd64,
36,2026-05-17T16:22:03,DESKTOP-D1CPDCT,DESKTOP-D1CPDCT,grande,2,Eric Gates MD,a2.txt,3990,singleThread,0,1,True,True,a2.txt,3990,Eric Gates MD,21.8094,21809400,True,46.875,17.910855,4218264,6399272,2181008,12,25.0.3,Windows 10,amd64,
37,2026-05-17T16:22:04,DESKTOP-D1CPDCT,DESKTOP-D1CPDCT,grande,2,Eric Gates MD,a2.txt,3990,singleThread,0,2,True,True,a2.txt,3990,Eric Gates MD,21.6463,21646300,True,31.25,12.030539,4218264,6399272,2181008,12,25.0.3,Windows 10,amd64,
38,2026-05-17T16:22:04,DESKTOP-D1CPDCT,DESKTOP-D1CPDCT,grande,2,Eric Gates MD,a2.txt,3990,singleThread,0,3,True,True,a2.txt,3990,Eric Gates MD,23.085,23085000,True,15.625,5.640387,4218264,6399272,2181008,12,25.0.3,Windows 10,amd64,
39,2026-05-17T16:22:04,DESKTOP-D1CPDCT,DESKTOP-D1CPDCT,grande,2,Eric Gates MD,a2.txt,3990,singleThread,0,4,True,True,a2.txt,3990,Eric Gates MD,19.8942,19894200,True,46.875,19.63512,4218264,6399272,2181008,12,25.0.3,Windows 10,amd64,
40,2026-05-17T16:22:04,DESKTOP-D1CPDCT,DESKTOP-D1CPDCT,grande,2,Eric Gates MD,a2.txt,3990,singleThread,0,5,True,True,a2.txt,3990,Eric Gates MD,20.3077,20307700,True,46.875,19.235315,4218264,6399272,2181008,12,25.0.3,Windows 10,amd64,
41,2026-05-17T16:22:05,DESKTOP-D1CPDCT,DESKTOP-D1CPDCT,grande,2,Eric Gates MD,a2.txt,3990,oneThreadPerFile,0,1,True,True,a2.txt,3990,Eric Gates MD,42.7384,42738400,True,312.5,60.932713,4218264,12606928,8388664,12,25.0.3,Windows 10,amd64,
42,2026-05-17T16:22:05,DESKTOP-D1CPDCT,DESKTOP-D1CPDCT,grande,2,Eric Gates MD,a2.txt,3990,oneThreadPerFile,0,2,True,True,a2.txt,3990,Eric Gates MD,41.9431,41943100,True,328.125,65.192487,4218264,12606912,8388648,12,25.0.3,Windows 10,amd64,
43,2026-05-17T16:22:05,DESKTOP-D1CPDCT,DESKTOP-D1CPDCT,grande,2,Eric Gates MD,a2.txt,3990,oneThreadPerFile,0,3,True,True,a2.txt,3990,Eric Gates MD,39.5719,39571900,True,312.5,65.808482,4218264,12606976,8388712,12,25.0.3,Windows 10,amd64,
44,2026-05-17T16:22:05,DESKTOP-D1CPDCT,DESKTOP-D1CPDCT,grande,2,Eric Gates MD,a2.txt,3990,oneThreadPerFile,0,4,True,True,a2.txt,3990,Eric Gates MD,36.1049,36104900,True,265.625,61.308622,4218264,12606920,8388656,12,25.0.3,Windows 10,amd64,
45,2026-05-17T16:22:05,DESKTOP-D1CPDCT,DESKTOP-D1CPDCT,grande,2,Eric Gates MD,a2.txt,3990,oneThreadPerFile,0,5,True,True,a2.txt,3990,Eric Gates MD,42.5292,42529200,True,281.25,55.109196,4218264,12606912,8388648,12,25.0.3,Windows 10,amd64,
46,2026-05-17T16:22:06,DESKTOP-D1CPDCT,DESKTOP-D1CPDCT,grande,2,Eric Gates MD,a2.txt,3990,multiThreadPerFile,2,1,True,True,a2.txt,3990,Eric Gates MD,32.98,32980000,True,78.125,19.740499,4218264,7405936,3187672,12,25.0.3,Windows 10,amd64,
47,2026-05-17T16:22:06,DESKTOP-D1CPDCT,DESKTOP-D1CPDCT,grande,2,Eric Gates MD,a2.txt,3990,multiThreadPerFile,2,2,True,True,a2.txt,3990,Eric Gates MD,31.8325,31832500,True,93.75,24.542527,4218264,7405944,3187680,12,25.0.3,Windows 10,amd64,
48,2026-05-17T16:22:06,DESKTOP-D1CPDCT,DESKTOP-D1CPDCT,grande,2,Eric Gates MD,a2.txt,3990,multiThreadPerFile,2,3,True,True,a2.txt,3990,Eric Gates MD,28.3282,28328200,True,78.125,22.982105,4218264,7405936,3187672,12,25.0.3,Windows 10,amd64,
49,2026-05-17T16:22:06,DESKTOP-D1CPDCT,DESKTOP-D1CPDCT,grande,2,Eric Gates MD,a2.txt,3990,multiThreadPerFile,2,4,True,True,a2.txt,3990,Eric Gates MD,27.4618,27461800,True,31.25,9.48287,4218264,7405936,3187672,12,25.0.3,Windows 10,amd64,
50,2026-05-17T16:22:06,DESKTOP-D1CPDCT,DESKTOP-D1CPDCT,grande,2,Eric Gates MD,a2.txt,3990,multiThreadPerFile,2,5,True,True,a2.txt,3990,Eric Gates MD,28.6563,28656300,True,93.75,27.262766,4218264,7405928,3187664,12,25.0.3,Windows 10,amd64,
51,2026-05-17T16:22:07,DESKTOP-D1CPDCT,DESKTOP-D1CPDCT,grande,2,Eric Gates MD,a2.txt,3990,multiThreadPerFile,4,1,True,True,a2.txt,3990,Eric Gates MD,29.6923,29692300,True,125.0,35.082047,4218264,9419264,5201000,12,25.0.3,Windows 10,amd64,
52,2026-05-17T16:22:07,DESKTOP-D1CPDCT,DESKTOP-D1CPDCT,grande,2,Eric Gates MD,a2.txt,3990,multiThreadPerFile,4,2,True,True,a2.txt,3990,Eric Gates MD,29.5899,29589900,True,140.625,39.603885,4218264,9419256,5200992,12,25.0.3,Windows 10,amd64,
53,2026-05-17T16:22:07,DESKTOP-D1CPDCT,DESKTOP-D1CPDCT,grande,2,Eric Gates MD,a2.txt,3990,multiThreadPerFile,4,3,True,True,a2.txt,3990,Eric Gates MD,26.7827,26782700,True,46.875,14.584975,4218264,9419264,5201000,12,25.0.3,Windows 10,amd64,
54,2026-05-17T16:22:07,DESKTOP-D1CPDCT,DESKTOP-D1CPDCT,grande,2,Eric Gates MD,a2.txt,3990,multiThreadPerFile,4,4,True,True,a2.txt,3990,Eric Gates MD,29.2066,29206600,True,93.75,26.749091,4218264,9419264,5201000,12,25.0.3,Windows 10,amd64,
55,2026-05-17T16:22:07,DESKTOP-D1CPDCT,DESKTOP-D1CPDCT,grande,2,Eric Gates MD,a2.txt,3990,multiThreadPerFile,4,5,True,True,a2.txt,3990,Eric Gates MD,30.1997,30199700,True,78.125,21.557885,4218264,9419264,5201000,12,25.0.3,Windows 10,amd64,
56,2026-05-17T16:22:08,DESKTOP-D1CPDCT,DESKTOP-D1CPDCT,grande,2,Eric Gates MD,a2.txt,3990,multiThreadPerFile,8,1,True,True,a2.txt,3990,Eric Gates MD,29.2137,29213700,True,203.125,57.942278,4218264,12610192,8391928,12,25.0.3,Windows 10,amd64,
57,2026-05-17T16:22:08,DESKTOP-D1CPDCT,DESKTOP-D1CPDCT,grande,2,Eric Gates MD,a2.txt,3990,multiThreadPerFile,8,2,True,True,a2.txt,3990,Eric Gates MD,30.7924,30792400,True,171.875,46.514454,4218264,12610192,8391928,12,25.0.3,Windows 10,amd64,
58,2026-05-17T16:22:08,DESKTOP-D1CPDCT,DESKTOP-D1CPDCT,grande,2,Eric Gates MD,a2.txt,3990,multiThreadPerFile,8,3,True,True,a2.txt,3990,Eric Gates MD,29.7998,29799800,True,187.5,52.433238,4218264,12610192,8391928,12,25.0.3,Windows 10,amd64,
59,2026-05-17T16:22:08,DESKTOP-D1CPDCT,DESKTOP-D1CPDCT,grande,2,Eric Gates MD,a2.txt,3990,multiThreadPerFile,8,4,True,True,a2.txt,3990,Eric Gates MD,28.7701,28770100,True,203.125,58.835678,4218264,12610192,8391928,12,25.0.3,Windows 10,amd64,
60,2026-05-17T16:22:08,DESKTOP-D1CPDCT,DESKTOP-D1CPDCT,grande,2,Eric Gates MD,a2.txt,3990,multiThreadPerFile,8,5,True,True,a2.txt,3990,Eric Gates MD,30.2904,30290400,True,93.75,25.792,4218264,12610192,8391928,12,25.0.3,Windows 10,amd64,
61,2026-05-17T16:22:09,DESKTOP-D1CPDCT,DESKTOP-D1CPDCT,grande,3,Danielle Garner,a6.txt,724,sequencial,0,1,True,True,a6.txt,724,Danielle Garner,29.4153,29415300,True,78.125,22.132756,4218264,7414112,3195848,12,25.0.3,Windows 10,amd64,
62,2026-05-17T16:22:09,DESKTOP-D1CPDCT,DESKTOP-D1CPDCT,grande,3,Danielle Garner,a6.txt,724,sequencial,0,2,True,True,a6.txt,724,Danielle Garner,30.8351,30835100,True,62.5,16.890924,4218264,7414112,3195848,12,25.0.3,Windows 10,amd64,
63,2026-05-17T16:22:09,DESKTOP-D1CPDCT,DESKTOP-D1CPDCT,grande,3,Danielle Garner,a6.txt,724,sequencial,0,3,True,True,a6.txt,724,Danielle Garner,32.2936,32293600,True,78.125,20.160083,4218264,7414112,3195848,12,25.0.3,Windows 10,amd64,
64,2026-05-17T16:22:09,DESKTOP-D1CPDCT,DESKTOP-D1CPDCT,grande,3,Danielle Garner,a6.txt,724,sequencial,0,4,True,True,a6.txt,724,Danielle Garner,34.7333,34733300,True,93.75,22.492824,4218264,8420768,4202504,12,25.0.3,Windows 10,amd64,
65,2026-05-17T16:22:10,DESKTOP-D1CPDCT,DESKTOP-D1CPDCT,grande,3,Danielle Garner,a6.txt,724,sequencial,0,5,True,True,a6.txt,724,Danielle Garner,27.9904,27990400,True,78.125,23.259463,4218264,7414112,3195848,12,25.0.3,Windows 10,amd64,
66,2026-05-17T16:22:10,DESKTOP-D1CPDCT,DESKTOP-D1CPDCT,grande,3,Danielle Garner,a6.txt,724,singleThread,0,1,True,True,a6.txt,724,Danielle Garner,37.07,37070000,True,125.0,28.099991,4218264,9435632,5217368,12,25.0.3,Windows 10,amd64,
67,2026-05-17T16:22:10,DESKTOP-D1CPDCT,DESKTOP-D1CPDCT,grande,3,Danielle Garner,a6.txt,724,singleThread,0,2,True,True,a6.txt,724,Danielle Garner,37.6456,37645600,True,140.625,31.129136,4218264,8412608,4194344,12,25.0.3,Windows 10,amd64,
68,2026-05-17T16:22:10,DESKTOP-D1CPDCT,DESKTOP-D1CPDCT,grande,3,Danielle Garner,a6.txt,724,singleThread,0,3,True,True,a6.txt,724,Danielle Garner,38.2788,38278800,True,62.5,13.606313,4218264,8412608,4194344,12,25.0.3,Windows 10,amd64,
69,2026-05-17T16:22:10,DESKTOP-D1CPDCT,DESKTOP-D1CPDCT,grande,3,Danielle Garner,a6.txt,724,singleThread,0,4,True,True,a6.txt,724,Danielle Garner,38.2944,38294400,True,46.875,10.200578,4218264,8412608,4194344,12,25.0.3,Windows 10,amd64,
70,2026-05-17T16:22:11,DESKTOP-D1CPDCT,DESKTOP-D1CPDCT,grande,3,Danielle Garner,a6.txt,724,singleThread,0,5,True,True,a6.txt,724,Danielle Garner,35.5642,35564200,True,78.125,18.306096,4218264,8412608,4194344,12,25.0.3,Windows 10,amd64,
71,2026-05-17T16:22:11,DESKTOP-D1CPDCT,DESKTOP-D1CPDCT,grande,3,Danielle Garner,a6.txt,724,oneThreadPerFile,0,1,True,True,a6.txt,724,Danielle Garner,23.5848,23584800,True,15.625,5.520858,4218264,10593592,6375328,12,25.0.3,Windows 10,amd64,
72,2026-05-17T16:22:11,DESKTOP-D1CPDCT,DESKTOP-D1CPDCT,grande,3,Danielle Garner,a6.txt,724,oneThreadPerFile,0,2,True,True,a6.txt,724,Danielle Garner,22.1076,22107600,True,140.625,53.007789,4218264,10593592,6375328,12,25.0.3,Windows 10,amd64,
73,2026-05-17T16:22:11,DESKTOP-D1CPDCT,DESKTOP-D1CPDCT,grande,3,Danielle Garner,a6.txt,724,oneThreadPerFile,0,3,True,True,a6.txt,724,Danielle Garner,21.0975,21097500,True,15.625,6.171742,4218264,10593592,6375328,12,25.0.3,Windows 10,amd64,
74,2026-05-17T16:22:11,DESKTOP-D1CPDCT,DESKTOP-D1CPDCT,grande,3,Danielle Garner,a6.txt,724,oneThreadPerFile,0,4,True,True,a6.txt,724,Danielle Garner,22.7392,22739200,True,109.375,40.083131,4218264,10593592,6375328,12,25.0.3,Windows 10,amd64,
75,2026-05-17T16:22:12,DESKTOP-D1CPDCT,DESKTOP-D1CPDCT,grande,3,Danielle Garner,a6.txt,724,oneThreadPerFile,0,5,True,True,a6.txt,724,Danielle Garner,23.5624,23562400,True,78.125,27.630533,4218264,10593592,6375328,12,25.0.3,Windows 10,amd64,
76,2026-05-17T16:22:12,DESKTOP-D1CPDCT,DESKTOP-D1CPDCT,grande,3,Danielle Garner,a6.txt,724,multiThreadPerFile,2,1,True,True,a6.txt,724,Danielle Garner,41.6408,41640800,True,78.125,15.634706,4218264,10593576,6375312,12,25.0.3,Windows 10,amd64,
77,2026-05-17T16:22:12,DESKTOP-D1CPDCT,DESKTOP-D1CPDCT,grande,3,Danielle Garner,a6.txt,724,multiThreadPerFile,2,2,True,True,a6.txt,724,Danielle Garner,40.0667,40066700,True,125.0,25.998314,4218264,10593584,6375320,12,25.0.3,Windows 10,amd64,
78,2026-05-17T16:22:12,DESKTOP-D1CPDCT,DESKTOP-D1CPDCT,grande,3,Danielle Garner,a6.txt,724,multiThreadPerFile,2,3,True,True,a6.txt,724,Danielle Garner,41.2468,41246800,True,46.875,9.470432,4218264,10593584,6375320,12,25.0.3,Windows 10,amd64,
79,2026-05-17T16:22:12,DESKTOP-D1CPDCT,DESKTOP-D1CPDCT,grande,3,Danielle Garner,a6.txt,724,multiThreadPerFile,2,4,True,True,a6.txt,724,Danielle Garner,44.6696,44669600,True,109.375,20.404444,4218264,10593576,6375312,12,25.0.3,Windows 10,amd64,
80,2026-05-17T16:22:13,DESKTOP-D1CPDCT,DESKTOP-D1CPDCT,grande,3,Danielle Garner,a6.txt,724,multiThreadPerFile,2,5,True,True,a6.txt,724,Danielle Garner,39.8403,39840300,True,125.0,26.146055,4218264,10593576,6375312,12,25.0.3,Windows 10,amd64,
81,2026-05-17T16:22:13,DESKTOP-D1CPDCT,DESKTOP-D1CPDCT,grande,3,Danielle Garner,a6.txt,724,multiThreadPerFile,4,1,True,True,a6.txt,724,Danielle Garner,44.577,44577000,True,140.625,26.288781,4218264,12661032,8442768,12,25.0.3,Windows 10,amd64,
82,2026-05-17T16:22:13,DESKTOP-D1CPDCT,DESKTOP-D1CPDCT,grande,3,Danielle Garner,a6.txt,724,multiThreadPerFile,4,2,True,True,a6.txt,724,Danielle Garner,47.2706,47270600,True,234.375,41.317965,4218264,12661040,8442776,12,25.0.3,Windows 10,amd64,
83,2026-05-17T16:22:13,DESKTOP-D1CPDCT,DESKTOP-D1CPDCT,grande,3,Danielle Garner,a6.txt,724,multiThreadPerFile,4,3,True,True,a6.txt,724,Danielle Garner,43.2409,43240900,True,125.0,24.089847,4218264,12661040,8442776,12,25.0.3,Windows 10,amd64,
84,2026-05-17T16:22:14,DESKTOP-D1CPDCT,DESKTOP-D1CPDCT,grande,3,Danielle Garner,a6.txt,724,multiThreadPerFile,4,4,True,True,a6.txt,724,Danielle Garner,39.864,39864000,True,109.375,22.864197,4218264,12661048,8442784,12,25.0.3,Windows 10,amd64,
85,2026-05-17T16:22:14,DESKTOP-D1CPDCT,DESKTOP-D1CPDCT,grande,3,Danielle Garner,a6.txt,724,multiThreadPerFile,4,5,True,True,a6.txt,724,Danielle Garner,47.9669,47966900,True,187.5,32.574546,4218264,12661032,8442768,12,25.0.3,Windows 10,amd64,
86,2026-05-17T16:22:14,DESKTOP-D1CPDCT,DESKTOP-D1CPDCT,grande,3,Danielle Garner,a6.txt,724,multiThreadPerFile,8,1,True,True,a6.txt,724,Danielle Garner,41.5201,41520100,True,78.125,15.680157,4218264,15858960,11640696,12,25.0.3,Windows 10,amd64,
87,2026-05-17T16:22:14,DESKTOP-D1CPDCT,DESKTOP-D1CPDCT,grande,3,Danielle Garner,a6.txt,724,multiThreadPerFile,8,2,True,True,a6.txt,724,Danielle Garner,39.5626,39562600,True,187.5,39.494371,4218264,15858960,11640696,12,25.0.3,Windows 10,amd64,
88,2026-05-17T16:22:14,DESKTOP-D1CPDCT,DESKTOP-D1CPDCT,grande,3,Danielle Garner,a6.txt,724,multiThreadPerFile,8,3,True,True,a6.txt,724,Danielle Garner,42.8332,42833200,True,140.625,27.359035,4218264,15858960,11640696,12,25.0.3,Windows 10,amd64,
89,2026-05-17T16:22:15,DESKTOP-D1CPDCT,DESKTOP-D1CPDCT,grande,3,Danielle Garner,a6.txt,724,multiThreadPerFile,8,4,True,True,a6.txt,724,Danielle Garner,42.8663,42866300,True,171.875,33.413,4218264,15858960,11640696,12,25.0.3,Windows 10,amd64,
90,2026-05-17T16:22:15,DESKTOP-D1CPDCT,DESKTOP-D1CPDCT,grande,3,Danielle Garner,a6.txt,724,multiThreadPerFile,8,5,True,True,a6.txt,724,Danielle Garner,45.2472,45247200,True,203.125,37.410234,4218264,15858952,11640688,12,25.0.3,Windows 10,amd64,
91,2026-05-17T16:22:15,DESKTOP-D1CPDCT,DESKTOP-D1CPDCT,grande,4,Russell Baxter,a4.txt,7462,sequencial,0,1,True,True,a4.txt,7462,Russell Baxter,25.1848,25184800,True,93.75,31.020695,4218264,8420768,4202504,12,25.0.3,Windows 10,amd64,
92,2026-05-17T16:22:15,DESKTOP-D1CPDCT,DESKTOP-D1CPDCT,grande,4,Russell Baxter,a4.txt,7462,sequencial,0,2,True,True,a4.txt,7462,Russell Baxter,26.3508,26350800,True,93.75,29.648056,4218264,8420768,4202504,12,25.0.3,Windows 10,amd64,
93,2026-05-17T16:22:15,DESKTOP-D1CPDCT,DESKTOP-D1CPDCT,grande,4,Russell Baxter,a4.txt,7462,sequencial,0,3,True,True,a4.txt,7462,Russell Baxter,25.166,25166000,True,78.125,25.869891,4218264,8420768,4202504,12,25.0.3,Windows 10,amd64,
94,2026-05-17T16:22:16,DESKTOP-D1CPDCT,DESKTOP-D1CPDCT,grande,4,Russell Baxter,a4.txt,7462,sequencial,0,4,True,True,a4.txt,7462,Russell Baxter,25.3065,25306500,True,78.125,25.726263,4218264,8420768,4202504,12,25.0.3,Windows 10,amd64,
95,2026-05-17T16:22:16,DESKTOP-D1CPDCT,DESKTOP-D1CPDCT,grande,4,Russell Baxter,a4.txt,7462,sequencial,0,5,True,True,a4.txt,7462,Russell Baxter,30.1179,30117900,True,78.125,21.616436,4218264,7414112,3195848,12,25.0.3,Windows 10,amd64,
96,2026-05-17T16:22:16,DESKTOP-D1CPDCT,DESKTOP-D1CPDCT,grande,4,Russell Baxter,a4.txt,7462,singleThread,0,1,True,True,a4.txt,7462,Russell Baxter,33.7336,33733600,True,140.625,34.739103,4218264,8412608,4194344,12,25.0.3,Windows 10,amd64,
97,2026-05-17T16:22:16,DESKTOP-D1CPDCT,DESKTOP-D1CPDCT,grande,4,Russell Baxter,a4.txt,7462,singleThread,0,2,True,True,a4.txt,7462,Russell Baxter,30.5851,30585100,True,78.125,21.286236,4218264,8412608,4194344,12,25.0.3,Windows 10,amd64,
98,2026-05-17T16:22:16,DESKTOP-D1CPDCT,DESKTOP-D1CPDCT,grande,4,Russell Baxter,a4.txt,7462,singleThread,0,3,True,True,a4.txt,7462,Russell Baxter,33.6714,33671400,True,78.125,19.335153,4218264,8412608,4194344,12,25.0.3,Windows 10,amd64,
99,2026-05-17T16:22:17,DESKTOP-D1CPDCT,DESKTOP-D1CPDCT,grande,4,Russell Baxter,a4.txt,7462,singleThread,0,4,True,True,a4.txt,7462,Russell Baxter,30.266,30266000,True,78.125,21.510661,4218264,8412608,4194344,12,25.0.3,Windows 10,amd64,
100,2026-05-17T16:22:17,DESKTOP-D1CPDCT,DESKTOP-D1CPDCT,grande,4,Russell Baxter,a4.txt,7462,singleThread,0,5,True,True,a4.txt,7462,Russell Baxter,30.5046,30504600,True,78.125,21.34241,4218264,8412608,4194344,12,25.0.3,Windows 10,amd64,
101,2026-05-17T16:22:17,DESKTOP-D1CPDCT,DESKTOP-D1CPDCT,grande,4,Russell Baxter,a4.txt,7462,oneThreadPerFile,0,1,True,True,a4.txt,7462,Russell Baxter,39.0469,39046900,True,171.875,36.681316,4218264,12606912,8388648,12,25.0.3,Windows 10,amd64,
102,2026-05-17T16:22:17,DESKTOP-D1CPDCT,DESKTOP-D1CPDCT,grande,4,Russell Baxter,a4.txt,7462,oneThreadPerFile,0,2,True,True,a4.txt,7462,Russell Baxter,42.9229,42922900,True,296.875,57.63726,4218264,12606912,8388648,12,25.0.3,Windows 10,amd64,
103,2026-05-17T16:22:18,DESKTOP-D1CPDCT,DESKTOP-D1CPDCT,grande,4,Russell Baxter,a4.txt,7462,oneThreadPerFile,0,3,True,True,a4.txt,7462,Russell Baxter,43.7653,43765300,True,312.5,59.503,4218264,12606912,8388648,12,25.0.3,Windows 10,amd64,
104,2026-05-17T16:22:18,DESKTOP-D1CPDCT,DESKTOP-D1CPDCT,grande,4,Russell Baxter,a4.txt,7462,oneThreadPerFile,0,4,True,True,a4.txt,7462,Russell Baxter,44.526,44526000,True,375.0,70.183713,4218264,12606912,8388648,12,25.0.3,Windows 10,amd64,
105,2026-05-17T16:22:18,DESKTOP-D1CPDCT,DESKTOP-D1CPDCT,grande,4,Russell Baxter,a4.txt,7462,oneThreadPerFile,0,5,True,True,a4.txt,7462,Russell Baxter,50.0775,50077500,True,312.5,52.002729,4218264,12606920,8388656,12,25.0.3,Windows 10,amd64,
106,2026-05-17T16:22:18,DESKTOP-D1CPDCT,DESKTOP-D1CPDCT,grande,4,Russell Baxter,a4.txt,7462,multiThreadPerFile,2,1,True,True,a4.txt,7462,Russell Baxter,36.6564,36656400,True,78.125,17.760655,4218264,9419248,5200984,12,25.0.3,Windows 10,amd64,
107,2026-05-17T16:22:18,DESKTOP-D1CPDCT,DESKTOP-D1CPDCT,grande,4,Russell Baxter,a4.txt,7462,multiThreadPerFile,2,2,True,True,a4.txt,7462,Russell Baxter,36.3039,36303900,True,140.625,32.27959,4218264,9419272,5201008,12,25.0.3,Windows 10,amd64,
108,2026-05-17T16:22:19,DESKTOP-D1CPDCT,DESKTOP-D1CPDCT,grande,4,Russell Baxter,a4.txt,7462,multiThreadPerFile,2,3,True,True,a4.txt,7462,Russell Baxter,37.0681,37068100,True,140.625,31.61411,4218264,9419256,5200992,12,25.0.3,Windows 10,amd64,
109,2026-05-17T16:22:19,DESKTOP-D1CPDCT,DESKTOP-D1CPDCT,grande,4,Russell Baxter,a4.txt,7462,multiThreadPerFile,2,4,True,True,a4.txt,7462,Russell Baxter,39.8463,39846300,True,125.0,26.142118,4218264,9419240,5200976,12,25.0.3,Windows 10,amd64,
110,2026-05-17T16:22:19,DESKTOP-D1CPDCT,DESKTOP-D1CPDCT,grande,4,Russell Baxter,a4.txt,7462,multiThreadPerFile,2,5,True,True,a4.txt,7462,Russell Baxter,33.331,33331000,True,62.5,15.626094,4218264,9419272,5201008,12,25.0.3,Windows 10,amd64,
111,2026-05-17T16:22:19,DESKTOP-D1CPDCT,DESKTOP-D1CPDCT,grande,4,Russell Baxter,a4.txt,7462,multiThreadPerFile,4,1,True,True,a4.txt,7462,Russell Baxter,45.9647,45964700,True,109.375,19.829529,4218264,11637728,7419464,12,25.0.3,Windows 10,amd64,
112,2026-05-17T16:22:20,DESKTOP-D1CPDCT,DESKTOP-D1CPDCT,grande,4,Russell Baxter,a4.txt,7462,multiThreadPerFile,4,2,True,True,a4.txt,7462,Russell Baxter,39.5052,39505200,True,156.25,32.959796,4218264,11637736,7419472,12,25.0.3,Windows 10,amd64,
113,2026-05-17T16:22:20,DESKTOP-D1CPDCT,DESKTOP-D1CPDCT,grande,4,Russell Baxter,a4.txt,7462,multiThreadPerFile,4,3,True,True,a4.txt,7462,Russell Baxter,106.6789,106678900,True,109.375,8.543942,4218264,10593584,6375320,12,25.0.3,Windows 10,amd64,
114,2026-05-17T16:22:20,DESKTOP-D1CPDCT,DESKTOP-D1CPDCT,grande,4,Russell Baxter,a4.txt,7462,multiThreadPerFile,4,4,True,True,a4.txt,7462,Russell Baxter,37.6661,37666100,True,140.625,31.112194,4218264,11637744,7419480,12,25.0.3,Windows 10,amd64,
115,2026-05-17T16:22:20,DESKTOP-D1CPDCT,DESKTOP-D1CPDCT,grande,4,Russell Baxter,a4.txt,7462,multiThreadPerFile,4,5,True,True,a4.txt,7462,Russell Baxter,44.3003,44300300,True,93.75,17.635321,4218264,11637744,7419480,12,25.0.3,Windows 10,amd64,
116,2026-05-17T16:22:21,DESKTOP-D1CPDCT,DESKTOP-D1CPDCT,grande,4,Russell Baxter,a4.txt,7462,multiThreadPerFile,8,1,True,True,a4.txt,7462,Russell Baxter,43.6072,43607200,True,62.5,11.943746,4218264,13837456,9619192,12,25.0.3,Windows 10,amd64,
117,2026-05-17T16:22:21,DESKTOP-D1CPDCT,DESKTOP-D1CPDCT,grande,4,Russell Baxter,a4.txt,7462,multiThreadPerFile,8,2,True,True,a4.txt,7462,Russell Baxter,36.3443,36344300,True,93.75,21.495805,4218264,13837456,9619192,12,25.0.3,Windows 10,amd64,
118,2026-05-17T16:22:21,DESKTOP-D1CPDCT,DESKTOP-D1CPDCT,grande,4,Russell Baxter,a4.txt,7462,multiThreadPerFile,8,3,True,True,a4.txt,7462,Russell Baxter,35.1136,35113600,True,171.875,40.790226,4218264,13837456,9619192,12,25.0.3,Windows 10,amd64,
119,2026-05-17T16:22:21,DESKTOP-D1CPDCT,DESKTOP-D1CPDCT,grande,4,Russell Baxter,a4.txt,7462,multiThreadPerFile,8,4,True,True,a4.txt,7462,Russell Baxter,43.8532,43853200,True,93.75,17.81512,4218264,13837456,9619192,12,25.0.3,Windows 10,amd64,
120,2026-05-17T16:22:21,DESKTOP-D1CPDCT,DESKTOP-D1CPDCT,grande,4,Russell Baxter,a4.txt,7462,multiThreadPerFile,8,5,True,True,a4.txt,7462,Russell Baxter,38.2082,38208200,True,93.75,20.447181,4218264,13837456,9619192,12,25.0.3,Windows 10,amd64,
121,2026-05-17T16:22:22,DESKTOP-D1CPDCT,DESKTOP-D1CPDCT,grande,5,Kathryn Gould,a4.txt,4602,sequencial,0,1,True,True,a4.txt,4602,Kathryn Gould,25.8752,25875200,True,31.25,10.064334,4218264,6407456,2189192,12,25.0.3,Windows 10,amd64,
122,2026-05-17T16:22:22,DESKTOP-D1CPDCT,DESKTOP-D1CPDCT,grande,5,Kathryn Gould,a4.txt,4602,sequencial,0,2,True,True,a4.txt,4602,Kathryn Gould,27.0358,27035800,True,93.75,28.89687,4218264,7414112,3195848,12,25.0.3,Windows 10,amd64,
123,2026-05-17T16:22:22,DESKTOP-D1CPDCT,DESKTOP-D1CPDCT,grande,5,Kathryn Gould,a4.txt,4602,sequencial,0,3,True,True,a4.txt,4602,Kathryn Gould,24.7245,24724500,True,93.75,31.598212,4218264,6407456,2189192,12,25.0.3,Windows 10,amd64,
124,2026-05-17T16:22:22,DESKTOP-D1CPDCT,DESKTOP-D1CPDCT,grande,5,Kathryn Gould,a4.txt,4602,sequencial,0,4,True,True,a4.txt,4602,Kathryn Gould,26.9106,26910600,True,78.125,24.192759,4218264,7414112,3195848,12,25.0.3,Windows 10,amd64,
125,2026-05-17T16:22:22,DESKTOP-D1CPDCT,DESKTOP-D1CPDCT,grande,5,Kathryn Gould,a4.txt,4602,sequencial,0,5,True,True,a4.txt,4602,Kathryn Gould,24.9007,24900700,True,31.25,10.458207,4218264,7414112,3195848,12,25.0.3,Windows 10,amd64,
126,2026-05-17T16:22:23,DESKTOP-D1CPDCT,DESKTOP-D1CPDCT,grande,5,Kathryn Gould,a4.txt,4602,singleThread,0,1,True,True,a4.txt,4602,Kathryn Gould,32.832,32832000,True,78.125,19.829485,4218264,7405936,3187672,12,25.0.3,Windows 10,amd64,
127,2026-05-17T16:22:23,DESKTOP-D1CPDCT,DESKTOP-D1CPDCT,grande,5,Kathryn Gould,a4.txt,4602,singleThread,0,2,True,True,a4.txt,4602,Kathryn Gould,28.2306,28230600,True,62.5,18.449248,4218264,7405936,3187672,12,25.0.3,Windows 10,amd64,
128,2026-05-17T16:22:23,DESKTOP-D1CPDCT,DESKTOP-D1CPDCT,grande,5,Kathryn Gould,a4.txt,4602,singleThread,0,3,True,True,a4.txt,4602,Kathryn Gould,30.177,30177000,True,62.5,17.259281,4218264,7405936,3187672,12,25.0.3,Windows 10,amd64,
129,2026-05-17T16:22:23,DESKTOP-D1CPDCT,DESKTOP-D1CPDCT,grande,5,Kathryn Gould,a4.txt,4602,singleThread,0,4,True,True,a4.txt,4602,Kathryn Gould,30.0657,30065700,True,78.125,21.653967,4218264,7405936,3187672,12,25.0.3,Windows 10,amd64,
130,2026-05-17T16:22:23,DESKTOP-D1CPDCT,DESKTOP-D1CPDCT,grande,5,Kathryn Gould,a4.txt,4602,singleThread,0,5,True,True,a4.txt,4602,Kathryn Gould,28.4276,28427600,True,46.875,13.741047,4218264,7405936,3187672,12,25.0.3,Windows 10,amd64,
131,2026-05-17T16:22:24,DESKTOP-D1CPDCT,DESKTOP-D1CPDCT,grande,5,Kathryn Gould,a4.txt,4602,oneThreadPerFile,0,1,True,True,a4.txt,4602,Kathryn Gould,40.5641,40564100,True,140.625,28.889461,4218264,12606904,8388640,12,25.0.3,Windows 10,amd64,
132,2026-05-17T16:22:24,DESKTOP-D1CPDCT,DESKTOP-D1CPDCT,grande,5,Kathryn Gould,a4.txt,4602,oneThreadPerFile,0,2,True,True,a4.txt,4602,Kathryn Gould,47.449,47449000,True,296.875,52.139314,4218264,12606904,8388640,12,25.0.3,Windows 10,amd64,
133,2026-05-17T16:22:24,DESKTOP-D1CPDCT,DESKTOP-D1CPDCT,grande,5,Kathryn Gould,a4.txt,4602,oneThreadPerFile,0,3,True,True,a4.txt,4602,Kathryn Gould,41.8737,41873700,True,156.25,31.095493,4218264,12606912,8388648,12,25.0.3,Windows 10,amd64,
134,2026-05-17T16:22:24,DESKTOP-D1CPDCT,DESKTOP-D1CPDCT,grande,5,Kathryn Gould,a4.txt,4602,oneThreadPerFile,0,4,True,True,a4.txt,4602,Kathryn Gould,43.7892,43789200,True,265.625,50.549945,4218264,12606920,8388656,12,25.0.3,Windows 10,amd64,
135,2026-05-17T16:22:25,DESKTOP-D1CPDCT,DESKTOP-D1CPDCT,grande,5,Kathryn Gould,a4.txt,4602,oneThreadPerFile,0,5,True,True,a4.txt,4602,Kathryn Gould,41.4,41400000,True,281.25,56.612319,4218264,12606920,8388656,12,25.0.3,Windows 10,amd64,
136,2026-05-17T16:22:25,DESKTOP-D1CPDCT,DESKTOP-D1CPDCT,grande,5,Kathryn Gould,a4.txt,4602,multiThreadPerFile,2,1,True,True,a4.txt,4602,Kathryn Gould,36.2973,36297300,True,93.75,21.523639,4218264,9419256,5200992,12,25.0.3,Windows 10,amd64,
137,2026-05-17T16:22:25,DESKTOP-D1CPDCT,DESKTOP-D1CPDCT,grande,5,Kathryn Gould,a4.txt,4602,multiThreadPerFile,2,2,True,True,a4.txt,4602,Kathryn Gould,36.2213,36221300,True,78.125,17.974001,4218264,9419256,5200992,12,25.0.3,Windows 10,amd64,
138,2026-05-17T16:22:25,DESKTOP-D1CPDCT,DESKTOP-D1CPDCT,grande,5,Kathryn Gould,a4.txt,4602,multiThreadPerFile,2,3,True,True,a4.txt,4602,Kathryn Gould,36.4123,36412300,True,62.5,14.303775,4218264,9419264,5201000,12,25.0.3,Windows 10,amd64,
139,2026-05-17T16:22:25,DESKTOP-D1CPDCT,DESKTOP-D1CPDCT,grande,5,Kathryn Gould,a4.txt,4602,multiThreadPerFile,2,4,True,True,a4.txt,4602,Kathryn Gould,35.8309,35830900,True,187.5,43.607612,4218264,9419272,5201008,12,25.0.3,Windows 10,amd64,
140,2026-05-17T16:22:26,DESKTOP-D1CPDCT,DESKTOP-D1CPDCT,grande,5,Kathryn Gould,a4.txt,4602,multiThreadPerFile,2,5,True,True,a4.txt,4602,Kathryn Gould,43.4784,43478400,True,156.25,29.947821,4218264,9419272,5201008,12,25.0.3,Windows 10,amd64,
141,2026-05-17T16:22:26,DESKTOP-D1CPDCT,DESKTOP-D1CPDCT,grande,5,Kathryn Gould,a4.txt,4602,multiThreadPerFile,4,1,True,True,a4.txt,4602,Kathryn Gould,43.8308,43830800,True,171.875,32.677744,4218264,11637736,7419472,12,25.0.3,Windows 10,amd64,
142,2026-05-17T16:22:26,DESKTOP-D1CPDCT,DESKTOP-D1CPDCT,grande,5,Kathryn Gould,a4.txt,4602,multiThreadPerFile,4,2,True,True,a4.txt,4602,Kathryn Gould,39.7106,39710600,True,109.375,22.95252,4218264,11637736,7419472,12,25.0.3,Windows 10,amd64,
143,2026-05-17T16:22:26,DESKTOP-D1CPDCT,DESKTOP-D1CPDCT,grande,5,Kathryn Gould,a4.txt,4602,multiThreadPerFile,4,3,True,True,a4.txt,4602,Kathryn Gould,39.9769,39976900,True,156.25,32.570893,4218264,11637728,7419464,12,25.0.3,Windows 10,amd64,
144,2026-05-17T16:22:27,DESKTOP-D1CPDCT,DESKTOP-D1CPDCT,grande,5,Kathryn Gould,a4.txt,4602,multiThreadPerFile,4,4,True,True,a4.txt,4602,Kathryn Gould,37.3136,37313600,True,62.5,13.958271,4218264,11637728,7419464,12,25.0.3,Windows 10,amd64,
145,2026-05-17T16:22:27,DESKTOP-D1CPDCT,DESKTOP-D1CPDCT,grande,5,Kathryn Gould,a4.txt,4602,multiThreadPerFile,4,5,True,True,a4.txt,4602,Kathryn Gould,35.8299,35829900,True,93.75,21.804415,4218264,11637752,7419488,12,25.0.3,Windows 10,amd64,
146,2026-05-17T16:22:27,DESKTOP-D1CPDCT,DESKTOP-D1CPDCT,grande,5,Kathryn Gould,a4.txt,4602,multiThreadPerFile,8,1,True,True,a4.txt,4602,Kathryn Gould,43.2876,43287600,True,140.625,27.07184,4218264,13837456,9619192,12,25.0.3,Windows 10,amd64,
147,2026-05-17T16:22:27,DESKTOP-D1CPDCT,DESKTOP-D1CPDCT,grande,5,Kathryn Gould,a4.txt,4602,multiThreadPerFile,8,2,True,True,a4.txt,4602,Kathryn Gould,38.8943,38894300,True,93.75,20.086491,4218264,13837456,9619192,12,25.0.3,Windows 10,amd64,
148,2026-05-17T16:22:27,DESKTOP-D1CPDCT,DESKTOP-D1CPDCT,grande,5,Kathryn Gould,a4.txt,4602,multiThreadPerFile,8,3,True,True,a4.txt,4602,Kathryn Gould,36.9473,36947300,True,93.75,21.144982,4218264,13837456,9619192,12,25.0.3,Windows 10,amd64,
149,2026-05-17T16:22:28,DESKTOP-D1CPDCT,DESKTOP-D1CPDCT,grande,5,Kathryn Gould,a4.txt,4602,multiThreadPerFile,8,4,True,True,a4.txt,4602,Kathryn Gould,44.4818,44481800,True,125.0,23.417817,4218264,13837456,9619192,12,25.0.3,Windows 10,amd64,
150,2026-05-17T16:22:28,DESKTOP-D1CPDCT,DESKTOP-D1CPDCT,grande,5,Kathryn Gould,a4.txt,4602,multiThreadPerFile,8,5,True,True,a4.txt,4602,Kathryn Gould,36.655,36655000,True,78.125,17.761333,4218264,13837456,9619192,12,25.0.3,Windows 10,amd64,
